Roll Number,test_case_100,Weighted Average,Plain Average
2021101034,99.99000000000001,99.99000000000001,99.99000000000001,
